,Country,Year,Gold Standard,exch_usd,Domestic_Debt_In_Default,Sovereign External Debt,GDP_Weighted_default,"Inflation, Annual percentages of average consumer prices",Independence,Unemployment Rate,GDP,GDP PerCapita,Crisis
0,Canada,1800.0,0,0.2441,0,0,0,,0,0.0,,,0
1,Canada,1801.0,0,0.2379,0,0,0,,0,0.0,,,0
2,Canada,1802.0,0,0.2553,0,0,0,,0,0.0,,,0
3,Canada,1803.0,0,0.2527,0,0,0,,0,0.0,,,0
4,Canada,1804.0,0,0.243,0,0,0,,0,0.0,,,0
5,Canada,1805.0,0,0.2528,0,0,0,,0,0.0,,,0
6,Canada,1806.0,0,0.2478,0,0,0,,0,0.0,,,0
7,Canada,1807.0,0,0.2534,0,0,0,,0,0.0,,,0
8,Canada,1808.0,0,0.2418,0,0,0,,0,0.0,,,0
9,Canada,1809.0,0,0.2478,0,0,0,,0,0.0,,,0
10,Canada,1810.0,0,0.2515,0,0,0,,0,0.0,,,0
11,Canada,1811.0,0,0.2285,0,0,0,,0,0.0,,,0
12,Canada,1812.0,0,0.2502,0,0,0,,0,0.0,,,0
13,Canada,1813.0,0,0.2311,0,0,0,,0,0.0,,,0
14,Canada,1814.0,0,0.2696,0,0,0,,0,0.0,,,0
15,Canada,1815.0,0,0.262,0,0,0,,0,0.0,,,0
16,Canada,1816.0,0,0.2286,0,0,0,,0,0.0,,,0
17,Canada,1817.0,0,0.2429,0,0,0,,0,0.0,,,0
18,Canada,1818.0,0,0.2459,0,0,0,,0,0.0,,,0
19,Canada,1819.0,0,0.2642,0,0,0,,0,0.0,,,0
20,Canada,1820.0,0,0.2627,0,0,0,,0,0.0,738.0,904.4117647058823,0
21,Canada,1821.0,0,0.2585,0,0,0,,0,0.0,,,0
22,Canada,1822.0,0,0.25,0,0,0,,0,0.0,,,0
23,Canada,1823.0,0,0.2551,0,0,0,,0,0.0,,,0
24,Canada,1824.0,0,0.2582,0,0,0,,0,0.0,,,0
25,Canada,1825.0,0,0.2523,0,0,0,,0,0.0,,,0
26,Canada,1826.0,0,0.2534,0,0,0,,0,0.0,,,0
27,Canada,1827.0,0,0.2551,0,0,0,,0,0.0,,,0
28,Canada,1828.0,0,0.2525,0,0,0,,0,0.0,,,0
29,Canada,1829.0,0,0.2543,0,0,0,,0,0.0,,,0
30,Canada,1830.0,0,0.2465,0,0,0,,0,0.0,1169.0,1000.0,0
31,Canada,1831.0,0,0.2599,0,0,0,,0,0.0,,,0
32,Canada,1832.0,0,0.2538,0,0,0,,0,0.0,,,0
33,Canada,1833.0,0,0.2533,0,0,0,,0,0.0,,,0
34,Canada,1834.0,0,0.2653,0,0,0,,0,0.0,,,0
35,Canada,1835.0,0,0.2583,0,0,0,,0,0.0,,,0
36,Canada,1836.0,0,0.2658,0,0,0,,0,0.0,,,0
37,Canada,1837.0,0,0.2606,0,0,0,,0,0.0,,,0
38,Canada,1838.0,0,0.2698,0,0,0,,0,0.0,,,1
39,Canada,1839.0,0,0.2572,0,0,0,,0,0.0,,,1
40,Canada,1840.0,0,0.2561,0,0,0,,0,0.0,1972.0,1162.0506776664704,0
41,Canada,1841.0,0,0.2585,0,0,0,,0,0.0,,,0
42,Canada,1842.0,0,0.2573,0,0,0,,0,0.0,,,0
43,Canada,1843.0,0,0.2615,0,0,0,,0,0.0,,,0
44,Canada,1844.0,0,0.2571,0,0,0,,0,0.0,,,0
45,Canada,1845.0,0,0.2517,0,0,0,,0,0.0,,,0
46,Canada,1846.0,0,0.248,0,0,0,,0,0.0,,,0
47,Canada,1847.0,0,0.2697,0,0,0,,0,0.0,,,0
48,Canada,1848.0,0,0.2515,0,0,0,,0,0.0,,,0
49,Canada,1849.0,0,0.2633,0,0,0,,0,0.0,,,0
50,Canada,1850.0,0,0.2566,0,0,0,,0,0.0,3304.0,1329.5774647887324,0
51,Canada,1851.0,0,0.2522,0,0,0,,0,0.0,,,0
52,Canada,1852.0,0,0.2528,0,0,0,,0,0.0,,,0
53,Canada,1853.0,0,0.2509,0,0,0,,0,0.0,,,0
54,Canada,1854.0,1,0.2532,0,0,0,,0,0.0,,,0
55,Canada,1855.0,1,0.2492,0,0,0,,0,0.0,,,0
56,Canada,1856.0,1,0.2517,0,0,0,,0,0.0,,,0
57,Canada,1857.0,1,0.2567,0,0,0,,0,0.0,,,0
58,Canada,1858.0,1,1.0146,0,0,0,,0,0.0,,,0
59,Canada,1859.0,1,0.9835,0,0,0,,0,0.0,,,0
60,Canada,1860.0,1,0.9902,0,0,0,,0,0.0,4887.0,1450.578806767587,0
61,Canada,1861.0,1,1.0069,0,0,0,,0,0.0,,,0
62,Canada,1862.0,1,0.9927,0,0,0,,0,0.0,,,0
63,Canada,1863.0,1,0.6669,0,0,0,,0,0.0,,,0
64,Canada,1864.0,1,0.5575,0,0,0,,0,0.0,,,0
65,Canada,1865.0,1,0.6797,0,0,0,,0,0.0,,,0
66,Canada,1866.0,1,0.7851,0,0,0,,0,0.0,,,1
67,Canada,1867.0,1,0.7311,0,0,0,,1,0.0,,,0
68,Canada,1868.0,1,0.7156,0,0,0,-0.24937655860349794,1,0.0,,,0
69,Canada,1869.0,1,0.7387,0,0,0,0.8750000000000036,1,0.0,,,0
70,Canada,1870.0,1,0.8628,0,0,0,-1.115241635687736,1,0.0,6407.0,1694.5252578682887,0
71,Canada,1871.0,1,0.8959,0,0,0,2.421808386946762,1,0.0,6668.956000000001,1754.5267034990795,0
72,Canada,1872.0,1,0.8808,0,0,0,10.350345681178954,1,0.0,6599.123999999999,1705.1999999999996,0
73,Canada,1873.0,1,0.8432,0,0,0,-0.2353534663905264,1,0.0,7262.528,1841.8787725082427,1
74,Canada,1874.0,1,0.882,0,0,0,-3.803192097500749,1,0.0,7437.108,1853.715852442672,1
75,Canada,1875.0,1,0.8638,0,0,0,-4.277876631079481,1,0.0,7262.528,1783.966592974699,0
76,Canada,1876.0,1,0.8788,0,0,0,-3.1400966183574908,1,0.0,6773.703999999999,1640.9166666666663,0
77,Canada,1877.0,1,0.9256,0,0,0,-4.567227750633133,1,0.0,7227.611999999999,1727.4407265774375,0
78,Canada,1878.0,1,0.985,0,0,0,-4.644968959802244,1,0.0,6948.283999999999,1637.2016965127236,0
79,Canada,1879.0,1,0.9849,0,0,0,-2.2981564504908323,1,0.0,7611.688,1765.2337662337663,0
80,Canada,1880.0,1,0.9856,0,0,0,6.268046246988061,1,0.0,7960.848000000001,1815.8868613138688,0
81,Canada,1881.0,1,0.9882,0,0,0,2.350816988771799,1,0.0,9078.16,2039.5776230060658,0
82,Canada,1882.0,1,0.9831,0,0,0,2.3643461332821434,1,0.0,9497.152,2109.0721741061516,0
83,Canada,1883.0,1,0.9905,0,0,0,-2.001390763692887,1,0.0,9532.068000000001,2090.3657894736843,0
84,Canada,1884.0,1,0.9758,0,0,0,-8.08063768590084,1,0.0,10300.22,2230.933506606021,0
85,Canada,1885.0,1,0.9912,0,0,0,-2.287581039323017,1,0.0,9671.732,2072.810115730819,0
86,Canada,1886.0,1,0.9851,0,0,0,-0.7898894154818314,1,0.0,9776.48,2075.2451708766716,0
87,Canada,1887.0,1,0.9844,0,0,0,4.139681296502703,1,0.0,10090.723999999998,2119.8999999999996,0
88,Canada,1888.0,1,0.9907,0,0,0,0.06598963615397602,1,0.0,10823.96,2248.900893413671,0
89,Canada,1889.0,1,0.9819,0,0,0,1.8955619692644816,1,0.0,10893.792,2239.21726618705,0
90,Canada,1890.0,1,0.983,0,0,0,-0.1917372253280677,1,0.0,11696.86,2378.3773891825945,0
91,Canada,1891.0,1,0.9847,0,0,0,0,1,0.0,11976.187999999998,2408.726468222043,0
92,Canada,1892.0,1,0.9914,0,0,0,-3.576751117734722,1,0.0,11906.356000000002,2370.8395061728397,0
93,Canada,1893.0,1,0.9902,0,0,0,-0.2441834488921234,1,0.0,11836.524,2333.69952681388,0
94,Canada,1894.0,1,0.9942,0,0,0,-7.645773382790796,1,0.0,12395.18,2420.4608474907245,0
95,Canada,1895.0,1,0.995,0,0,0,-2.0959200690472377,1,0.0,12255.516000000001,2370.9645966337785,0
96,Canada,1896.0,1,0.9864,0,0,0,-0.10708626167203295,1,0.0,11941.272000000003,2288.4768110387126,0
97,Canada,1897.0,1,0.9877,0,0,0,1.3756223539589554,1,0.0,13233.163999999999,2511.5133801480356,0
98,Canada,1898.0,1,0.9911,0,0,0,3.840213353463511,1,0.0,13756.903999999999,2583.4561502347415,0
99,Canada,1899.0,1,0.9873,0,0,0,-0.01589078196464566,1,0.0,15048.796,2795.6150845253574,0
100,Canada,1900.0,1,1.0004,0,0,0,3.5801205818905992,1,0.0,15886.78,2911.2662635147517,0
101,Canada,1901.0,1,1.0004,0,0,0,1.5778596961572964,1,0.0,17143.756,3096.7767341040467,0
102,Canada,1902.0,1,1.0004,0,0,0,3.7351810750825427,1,0.0,18819.724,3330.924601769911,0
103,Canada,1903.0,1,1.0004,0,0,0,1.6421705210365118,1,0.0,19378.38,3333.628075004301,0
104,Canada,1904.0,1,1.0004,0,0,0,1.0982815938568167,1,0.0,19657.708,3279.564230897564,0
105,Canada,1905.0,1,1.0004,0,0,0,2.413430404403736,1,0.0,21962.164,3561.817061303925,0
106,Canada,1906.0,1,1.0004,0,0,0,1.1355774069104265,1,0.0,24161.872000000003,3846.2069404648205,1
107,Canada,1907.0,1,1.0004,0,0,0,7.654305803251136,1,0.0,25558.512000000002,3874.850212249849,1
108,Canada,1908.0,1,1.0004,0,0,0,0.3850054242724297,1,0.0,24336.452,3572.061059738735,0
109,Canada,1909.0,1,1.0004,0,0,0,1.2425253931847988,1,0.0,26920.235999999997,3849.5975975975975,0
110,Canada,1910.0,1,1.0004,0,0,0,0.9674938064413042,1,0.0,29224.692000000003,4065.761268781302,0
111,Canada,1911.0,1,1.0004,0,0,0,2.7157555819976213,1,0.0,31214.904000000002,4212.537651821863,0
112,Canada,1912.0,1,1.0004,0,0,0,3.7322287597755293,1,0.0,33274.948,4377.130755064456,1
113,Canada,1913.0,1,1.0,0,0,0,1.8326388510388023,1,0.0,34916.0,4446.765155374427,0
114,Canada,1914.0,1,1.0048,0,0,0,1.5049943144076312,1,0.0,32576.627999999997,4025.284566909675,0
115,Canada,1915.0,0,1.0,0,0,0,4.4112904088201566,1,0.0,34671.587999999996,4232.888292027835,0
116,Canada,1916.0,0,1.0003,0,0,0,14.013833365061231,1,0.0,38163.187999999995,4646.114925736547,0
117,Canada,1917.0,0,1.0026,0,0,0,23.815733384928972,1,0.0,39734.407999999996,4800.580886794732,1
118,Canada,1918.0,0,1.0152,0,0,0,12.434032630398008,1,0.0,37185.54,4440.594697874373,0
119,Canada,1919.0,0,1.0775,0,0,0,8.034436706143394,1,0.0,34357.344000000005,4019.343004211512,0
120,Canada,1920.0,0,1.1425,0,0,0,14.869060823888043,1,0.0,33973.268,3861.4762446010454,0
121,Canada,1921.0,0,1.0488,0,0,0,-20.965125073081968,1,0.0,30307.088,3357.010190518387,0
122,Canada,1922.0,0,1.0128,0,0,0,-6.796517303775303,1,0.0,34741.42,3793.145539906103,0
123,Canada,1923.0,0,1.0244,0,0,0,0.5424034574904227,1,0.0,36801.46400000001,3975.9576490924815,1
124,Canada,1924.0,0,1.0019,0,0,0,-1.0076690872674208,1,0.0,37360.12,3977.0193740685545,0
125,Canada,1925.0,0,1.0013,0,0,0,2.703887972344333,1,0.0,41445.292,4340.275630956121,0
126,Canada,1926.0,1,1.0014,0,0,0,-0.8146540451236866,1,0.0,43679.916,4497.057139915577,0
127,Canada,1927.0,1,1.0017,0,0,0,-1.5033776328005775,1,0.0,48009.5,4846.9964664310955,0
128,Canada,1928.0,1,1.0025,0,0,0,-0.13650073220641515,1,0.0,52269.25199999999,5171.5891956070045,0
129,Canada,1929.0,1,1.0119,0,0,0,1.0877682588387778,1,0.0,52199.42,5065.445900048519,0
130,Canada,1930.0,0,1.0017,0,0,0,-5.428403148138579,1,0.0,50453.62,4810.604500381389,1
131,Canada,1931.0,0,1.1725,0,0,0,-12.535426388393617,1,0.0,42667.352,4003.692596415501,0
132,Canada,1932.0,0,1.1163,0,0,0,-8.140096618357472,1,0.0,39629.66,3671.452658884566,0
133,Canada,1933.0,0,0.9987,0,0,0,-1.9078255272057094,1,0.0,36801.46400000001,3370.4060811429626,0
134,Canada,1934.0,0,0.9947,0,0,0,2.958264159973656,1,0.0,40712.056,3691.029555757026,0
135,Canada,1935.0,0,1.0065,0,0,0,1.3004974481449245,1,0.0,43994.16,3950.6250000000005,0
136,Canada,1936.0,0,1.0,0,0,0,1.8462419881820331,1,0.0,46368.448000000004,4124.205994841235,0
137,Canada,1937.0,0,1.0011,0,0,0,6.6064881952568015,1,0.0,50732.948000000004,4473.410457631602,0
138,Canada,1938.0,0,1.0097,0,0,0,-2.194782532502716,1,0.0,52059.755999999994,4545.909535452322,0
139,Canada,1939.0,0,1.1163,0,0,0,-0.4724519837375783,1,0.0,55167.28,4768.131374243734,0
140,Canada,1940.0,0,1.14,0,0,0,6.047067322386141,1,0.0,62744.051999999996,5368.2453798767965,0
141,Canada,1941.0,0,1.145,0,0,0,6.628268675176991,1,0.0,71507.96800000001,6050.767304112372,0
142,Canada,1942.0,0,1.1194,0,0,0,4.26327660121992,1,0.0,84182.476,7033.375887709916,0
143,Canada,1943.0,0,1.1038,0,0,0,2.6559490477722494,1,0.0,87988.32,7262.7585637639295,0
144,Canada,1944.0,0,1.1013,0,0,0,0.09260455700563819,1,0.0,91305.34,7442.561134659276,0
145,Canada,1945.0,0,1.0925,0,0,0,1.0061947219536715,1,0.0,88477.144,7132.952595936795,0
146,Canada,1946.0,0,1.0475,0,0,0,4.977547514761189,1,0.0,87569.32800000001,6931.243311698591,0
147,Canada,1947.0,0,1.1175,0,0,0,14.057352958340388,1,0.0,91445.00399999999,7088.210526315788,0
148,Canada,1948.0,0,1.0775,0,0,0,14.441168944823218,1,0.0,93120.972,7065.324127465857,0
149,Canada,1949.0,0,1.115,0,0,0,2.1826067591787606,1,0.0,95146.1,7064.080481104759,0
150,Canada,1950.0,0,1.0557,0,0,0,5.318275772518166,1,0.0,102164.0,7291.479765579824,0
151,Canada,1951.0,0,1.0119,0,0,0,11.711671429777281,1,0.0,107960.0,7533.490222895991,0
152,Canada,1952.0,0,0.9703,0,0,0,-1.4820554781957973,1,0.0,115816.0,7833.035205102483,0
153,Canada,1953.0,0,0.9738,0,0,0,-1.113429592624181,1,0.0,121228.0,7984.2590991792,0
154,Canada,1954.0,0,0.9659,0,0,0,-0.32230758102193297,1,0.0,120390.0,7699.418882218844,0
155,Canada,1955.0,0,0.9991,0,0,0,0.7514000378119027,1,0.0,131633.0,8201.251112436385,0
156,Canada,1956.0,0,0.9597,0,0,0,2.593445601473587,1,0.0,142282.0,8651.945714850886,0
157,Canada,1957.0,0,0.9841,0,0,0,1.6642447614102058,1,0.0,146402.0,8606.741596813292,0
158,Canada,1958.0,0,0.9644,0,0,0,1.7434425806241485,1,0.0,149021.0,8534.014767148146,0
159,Canada,1959.0,0,0.9522,0,0,0,1.250347651894194,1,0.0,155062.0,8676.236851384683,0
160,Canada,1960.0,0,0.996,0,0,0,0.9526143585802763,1,6.99166666666667,159880.0,8752.507627924268,0
161,Canada,1961.0,0,1.0431,0,0,0,0.6291641292427081,1,7.18333333333333,164598.0,8832.745004192922,0
162,Canada,1962.0,0,1.0772,0,0,0,1.7200323303957528,1,5.95833333333333,176130.0,9276.909344428053,0
163,Canada,1963.0,0,1.0806,0,0,0,1.89529545220342,1,5.58333333333333,185041.0,9566.381691293434,0
164,Canada,1964.0,0,1.0738,0,0,0,1.5693523383909138,1,4.70833333333333,197098.0,9999.364316051508,0
165,Canada,1965.0,0,1.075,0,0,0,2.5945010853476567,1,3.95,210203.0,10472.916686595814,0
166,Canada,1966.0,0,1.0838,0,0,0,3.6850927320503017,1,3.3749999993333297,223832.0,10946.135109398754,0
167,Canada,1967.0,0,1.0808,0,0,0,3.221906393158442,1,3.83333333233333,230647.0,11078.269992166579,0
168,Canada,1968.0,0,1.0728,0,0,0,3.6668103654484963,1,4.52499999916667,242703.0,11479.064091831378,0
169,Canada,1969.0,0,1.0728,0,0,0,4.675542584772701,1,4.42499999916667,255497.0,11912.352219241327,0
170,Canada,1970.0,0,1.0113,0,0,0,2.467882839688592,1,5.67499999916667,262098.0,12050.490515258263,0
171,Canada,1971.0,0,1.0022,0,0,0,2.83716383602524,1,6.19999999958333,276694.0,12561.925689172991,0
172,Canada,1972.0,0,0.995,0,0,0,5.343668090846858,1,6.2333333325,291314.0,13072.494334627207,0
173,Canada,1973.0,0,0.996,0,0,0,11.499232968239257,1,5.566666665750001,312176.0,13837.895343425165,0
174,Canada,1974.0,0,0.9906,0,0,0,14.149898597593769,1,5.33333333241667,324928.0,14204.68902324402,0
175,Canada,1975.0,0,1.016,0,0,0,9.315108839503953,1,6.9166666656666695,332269.0,14316.26251658825,0
176,Canada,1976.0,0,1.0088,0,0,0,6.963956615774798,1,7.08333333333333,350467.0,14902.391835866907,0
177,Canada,1977.0,0,1.094,0,0,0,8.48852533275913,1,8.05833333333333,362245.0,15222.680741624783,0
178,Canada,1978.0,0,1.1858,0,0,0,8.773237408638805,1,8.38333333333333,376894.0,15680.200363616697,0
179,Canada,1979.0,0,1.1666,0,0,0,9.333818741067068,1,7.55,392561.0,16170.145282140635,0
180,Canada,1980.0,0,1.1938,0,0,0,10.183,1,7.55,397814.0,16175.706391578196,0
181,Canada,1981.0,0,1.1855,0,0,0,12.462,1,7.63333333333333,410164.0,16472.449799196787,0
182,Canada,1982.0,0,1.2288,0,0,0,10.803,1,11.033333333333301,397671.0,15779.405521012304,0
183,Canada,1983.0,0,1.2444,0,0,0,5.816,1,12.033333333333301,409246.0,16076.413304368663,1
184,Canada,1984.0,0,1.3217,0,0,0,4.339,1,11.35,432711.0,16835.824728229152,1
185,Canada,1985.0,0,1.3983,0,0,0,3.951,1,10.6666666666667,456107.0,17582.068954883274,1
186,Canada,1986.0,0,1.381,0,0,0,4.174,1,9.675,468055.0,17862.103969653257,0
187,Canada,1987.0,0,1.2984,0,0,0,4.365,1,8.83333333333334,487138.0,18348.154593083917,0
188,Canada,1988.0,0,1.1914,0,0,0,4.061,1,7.76666666666667,510815.0,18993.076728586937,0
189,Canada,1989.0,0,1.158,0,0,0,4.957,1,7.56666666666667,523177.0,19108.487068697887,0
190,Canada,1990.0,0,1.1595,0,0,0,4.765,1,8.15,524475.0,18872.38850546588,0
191,Canada,1991.0,0,1.1553,0,0,0,5.615,1,10.325,513291.92013034265,18255.18252376955,0
192,Canada,1992.0,0,1.271,0,0,0,1.493,1,11.191666666666698,517778.76055206446,18139.035226907145,0
193,Canada,1993.0,0,1.3215,0,0,0,1.865,1,11.4,529920.6971820389,18302.790632474665,0
194,Canada,1994.0,0,1.4014,0,0,0,0.136,1,10.4166666666667,555411.2016439793,18935.979054378622,0
195,Canada,1995.0,0,1.3641,0,0,0,2.189,1,9.50833333333333,570868.2258012,19226.978741073053,0
196,Canada,1996.0,0,1.3706,0,0,0,1.58,1,9.60833333333334,580059.7477184309,19318.58215274865,0
197,Canada,1997.0,0,1.4293,0,0,0,1.612,1,9.11666666666667,604681.7889164713,19952.647049497067,0
198,Canada,1998.0,0,1.5295,0,0,0,0.987,1,8.28333333333333,629755.0,20612.562189054726,0
199,Canada,1999.0,0,1.4455,0,0,0,1.744,1,7.5916666666666694,664604.0,21563.34966419,0
200,Canada,2000.0,0,1.4983,0,0,0,2.738,1,6.81666666666667,699382.0,22488.16720257235,0
201,Canada,2001.0,0,1.5917,0,0,0,2.507,1,7.2166666666666694,709074.0,22598.527583899035,0
202,Canada,2002.0,0,1.5722,0,0,0,2.276,1,7.675,732692.0,23156.41098574634,0
203,Canada,2003.0,0,1.2965,0,0,0,2.742,1,7.575,746491.0,23409.04387092728,0
204,Canada,2004.0,0,1.2028,0,0,0,1.841,1,7.19166666666667,769405.0,23942.89715263731,0
205,Canada,2005.0,0,1.1623,0,0,0,2.23,1,6.75833333333333,792487.0,24470.048786512692,0
206,Canada,2006.0,0,1.165,0,0,0,2.018,1,6.33333333333333,815469.0,24970.72603117249,0
207,Canada,2007.0,0,0.9964,0,0,0,2.131,1,6.05,835856.0,25809.176804792194,0
208,Canada,2008.0,0,1.2165,0,0,0,2.385,1,6.14166666666667,839199.0,25267.184536175595,1
209,Canada,2009.0,0,1.0518,0,0,0,0.299,1,8.35,1371.15,,0
210,Canada,2010.0,0,0.9967,0,0,0,1.769,1,8.05833333333333,1613.46,,0
211,Canada,2011.0,0,1.0193,0,0,0,2.89,1,7.525,1788.65,,0
212,Canada,2012.0,0,0.9921,0,0,0,1.53,1,7.29166666666667,1828.69,,0
213,Canada,2013.0,0,1.062,0,0,0,0.925,1,7.08333333333333,1847.21,,0
214,Canada,2014.0,0,1.1618,0,0,0,1.92,1,6.9083333333333306,1803.53,,0
215,Canada,2015.0,0,1.38,0,0,0,1.105,1,6.9083333333333306,1556.13,,1
231,Mexico,1814.0,0,0.9174,0,0,0, ,0,0.0,,,0
232,Mexico,1815.0,0,0.9174,0,0,0,-0.6314638245039401,0,0.0,,,0
233,Mexico,1816.0,0,0.9174,0,0,0, ,0,0.0,,,0
234,Mexico,1817.0,0,0.9804,0,0,0, ,0,0.0,,,0
235,Mexico,1818.0,0,0.939,0,0,0, ,0,0.0,,,0
236,Mexico,1819.0,0,0.9901,0,0,0, ,0,0.0,,,0
237,Mexico,1820.0,0,0.9988,0,0,0, ,0,0.0,5000.0,759.0708972218006,0
238,Mexico,1821.0,0,0.9901,0,0,0,-13.607990114622693,1,0.0,,,0
239,Mexico,1822.0,0,0.9926,0,0,0, ,1,0.0,,,0
240,Mexico,1823.0,0,0.995,0,0,0, ,1,0.0,,,0
241,Mexico,1824.0,0,0.9911,0,0,0, ,1,0.0,,,0
242,Mexico,1825.0,0,0.9963,0,0,0, ,1,0.0,,,0
243,Mexico,1826.0,0,0.9988,0,0,0, ,1,0.0,,,0
244,Mexico,1827.0,0,0.9911,0,1,0.95, ,1,0.0,,,0
245,Mexico,1828.0,0,0.9926,0,1,0.95, ,1,0.0,,,0
246,Mexico,1829.0,0,0.9988,0,1,0.95, ,1,0.0,,,0
247,Mexico,1830.0,0,1.0,0,1,0.95, ,1,0.0,,,0
248,Mexico,1831.0,0,1.0,0,0,0, ,1,0.0,,,0
249,Mexico,1832.0,0,0.9845,0,0,0, ,1,0.0,,,0
250,Mexico,1833.0,0,0.9845,0,1,0.95, ,1,0.0,,,0
251,Mexico,1834.0,0,0.9852,0,1,0.95, ,1,0.0,,,0
252,Mexico,1835.0,0,0.9569,0,1,0.95, ,1,0.0,,,0
253,Mexico,1836.0,0,0.9569,0,1,0.95, ,1,0.0,,,0
254,Mexico,1837.0,0,0.9281,0,1,0.95, ,1,0.0,,,0
255,Mexico,1838.0,0,0.9569,0,1,0.95, ,1,0.0,,,0
256,Mexico,1839.0,0,0.9569,0,1,0.95,0,1,0.0,,,0
257,Mexico,1840.0,0,0.9456,0,1,0.95,  ,1,0.0,,,0
258,Mexico,1841.0,0,0.9615,0,1,0.95, ,1,0.0,,,0
259,Mexico,1842.0,0,0.9662,0,0,0, ,1,0.0,,,0
260,Mexico,1843.0,0,0.9524,0,0,0, ,1,0.0,,,0
261,Mexico,1844.0,0,0.9479,0,1,0.95, ,1,0.0,,,0
262,Mexico,1845.0,0,0.9569,0,1,0.95, ,1,0.0,,,0
263,Mexico,1846.0,0,0.9709,0,1,0.95, ,1,0.0,,,0
264,Mexico,1847.0,0,0.9615,0,1,0.95, ,1,0.0,,,0
265,Mexico,1848.0,0,0.9804,0,1,0.95, ,1,0.0,,,0
266,Mexico,1849.0,0,0.978,0,1,0.95, ,1,0.0,,,0
267,Mexico,1850.0,0,0.9479,1,1,0.95, ,1,0.0,,,0
268,Mexico,1851.0,0,0.9281,0,0,0, ,1,0.0,,,0
269,Mexico,1852.0,0,0.9217,0,0,0, ,1,0.0,,,0
270,Mexico,1853.0,0,0.93,0,0,0, ,1,0.0,,,0
271,Mexico,1854.0,0,0.93,0,1,0.95, ,1,0.0,,,0
272,Mexico,1855.0,0,0.94,0,1,0.95, ,1,0.0,,,0
273,Mexico,1856.0,0,0.94,0,1,0.95,  ,1,0.0,,,0
274,Mexico,1857.0,0,0.93,0,1,0.95, ,1,0.0,,,0
275,Mexico,1858.0,0,0.94,0,1,0.95, ,1,0.0,,,0
276,Mexico,1859.0,0,0.92,0,1,0.95, ,1,0.0,,,0
277,Mexico,1860.0,0,0.93,0,1,0.95, ,1,0.0,,,0
278,Mexico,1861.0,0,0.94,0,1,0.95, ,1,0.0,,,0
279,Mexico,1862.0,0,0.93,0,1,0.95, ,1,0.0,,,0
280,Mexico,1863.0,0,0.93,0,1,0.95, ,1,0.0,,,0
281,Mexico,1864.0,0,0.93,0,1,0.95, ,1,0.0,,,0
282,Mexico,1865.0,0,0.94,0,0,0,  ,1,0.0,,,0
283,Mexico,1866.0,0,0.94,0,1,0.95, ,1,0.0,,,0
284,Mexico,1867.0,0,0.95,0,1,0.95, ,1,0.0,,,0
285,Mexico,1868.0,0,0.96,0,1,0.95, ,1,0.0,,,0
286,Mexico,1869.0,0,0.96,0,1,0.95,  ,1,0.0,,,0
287,Mexico,1870.0,0,0.96,0,1,0.95, ,1,0.0,6214.0,674.042737824059,0
288,Mexico,1871.0,0,0.9615,0,1,0.95, ,1,0.0,,,0
289,Mexico,1872.0,0,0.9662,0,1,0.95, ,1,0.0,,,0
290,Mexico,1873.0,0,0.9615,0,1,0.95, ,1,0.0,,,0
291,Mexico,1874.0,0,1.0101,0,1,0.95, ,1,0.0,,,0
292,Mexico,1875.0,0,1.0101,0,1,0.95, ,1,0.0,,,0
293,Mexico,1876.0,0,1.0695,0,1,0.95, ,1,0.0,,,0
294,Mexico,1877.0,0,1.0753,0,1,0.95, ,1,0.0,,,0
295,Mexico,1878.0,0,1.1696,0,1,0.95,1.445783132530124,1,0.0,,,0
296,Mexico,1879.0,0,1.0899,0,1,0.95,1.425178147268412,1,0.0,,,0
297,Mexico,1880.0,0,1.1429,0,1,0.95,1.4051522248243427,1,0.0,,,0
298,Mexico,1881.0,0,1.1299,0,1,0.95,1.3856812933025437,1,0.0,,,0
299,Mexico,1882.0,0,1.1765,0,1,0.95,1.3667425968109372,1,0.0,,,0
300,Mexico,1883.0,0,1.1527,0,1,0.95,1.348314606741576,1,0.0,,,0
301,Mexico,1884.0,0,1.1696,0,1,0.95,1.5521064301552012,1,0.0,,,1
302,Mexico,1885.0,0,1.2461,0,1,0.95,1.310043668122274,1,0.0,,,1
303,Mexico,1886.0,0,1.2422,0,0,0,1.5086206896551786,1,0.0,,,0
304,Mexico,1887.0,0,1.3245,0,0,0,3.821656050955408,1,0.0,,,0
305,Mexico,1888.0,0,1.3605,0,0,0,-1.4532719836400823,1,0.0,,,0
306,Mexico,1889.0,0,1.3115,0,0,0,11.991650984766554,1,0.0,,,0
307,Mexico,1890.0,0,1.1494,0,0,0,0.9815350578625011,1,0.0,11860.0,1011.1688976042287,0
308,Mexico,1891.0,0,1.3445,0,0,0,-4.165681445817885,1,0.0,,,1
309,Mexico,1892.0,0,1.5504,0,0,0,5.62602739726027,1,0.0,,,1
310,Mexico,1893.0,0,1.7699,0,0,0,9.90133897110642,1,0.0,,,1
311,Mexico,1894.0,0,1.9608,0,0,0,5.673536989326458,1,0.0,,,0
312,Mexico,1895.0,0,1.8349,0,0,0,-8.171585132369444,1,0.0,14337.0,1132.1961620469083,0
313,Mexico,1896.0,0,1.956,0,0,0,0.04515050167223929,1,0.0,,,0
314,Mexico,1897.0,0,2.2222,0,0,0,4.9822030450953,1,0.0,,,0
315,Mexico,1898.0,0,2.1739,0,0,0,-1.0816037536458563,1,0.0,,,0
316,Mexico,1899.0,0,2.0779,0,0,0,-5.008912655971484,1,0.0,,,0
317,Mexico,1900.0,0,2.06,0,0,0,3.773584905660382,1,0.0,18585.0,1365.8411111927685,0
318,Mexico,1901.0,0,2.11,0,0,0,13.356142289692098,1,0.0,20167.0,1466.1577608142493,0
319,Mexico,1902.0,0,2.39,0,0,0,15.86059968069313,1,0.0,18741.0,1347.885500575374,0
320,Mexico,1903.0,0,2.38,0,0,0,0.5188056963268468,1,0.0,20840.0,1482.7463536108148,0
321,Mexico,1904.0,0,1.99,0,0,0,-0.25451324044250223,1,0.0,21203.0,1492.3282657657658,0
322,Mexico,1905.0,1,2.02,0,0,0,-0.5758917066674254,1,0.0,23407.0,1629.6734665459862,0
323,Mexico,1906.0,1,1.99,0,0,0,4.843781070187864,1,0.0,23147.0,1594.2558027412356,0
324,Mexico,1907.0,1,2.0109,0,0,0,3.938309850518049,1,0.0,24495.0,1669.051512673753,1
325,Mexico,1908.0,1,2.0109,0,0,0,0.2844917329982974,1,0.0,24469.0,1649.2990024265303,1
326,Mexico,1909.0,1,2.0109,0,0,0,4.194913366535829,1,0.0,25195.0,1680.0026672001068,0
327,Mexico,1910.0,1,2.0092,0,0,0,11.686682401815691,1,0.0,25403.0,1693.5333333333333,0
328,Mexico,1911.0,1,2.0121,0,0,0,7.587539860477784,1,0.0,25584.0,1706.7378252168112,0
329,Mexico,1912.0,1,2.0141,0,0,0,-1.9941648489686727,1,0.0,25740.0,1718.2910547396527,0
330,Mexico,1913.0,1,2.08,0,0,0,-0.5389891159947738,1,0.0,25921.0,1731.5297261189044,1
331,Mexico,1914.0,0,4.362,0,1,0.95,4.0708154506437735,1,0.0,26095.0,1744.318181818182,1
332,Mexico,1915.0,0,11.152,0,1,0.95,14.627996875703307,1,0.0,26270.0,1757.190635451505,1
333,Mexico,1916.0,0,23.828,0,1,0.95,14.545674518956899,1,0.0,26446.0,1770.1472556894244,1
334,Mexico,1917.0,0,1.91,0,1,0.95,22.295805739514336,1,0.0,26624.0,1783.2551908908238,1
335,Mexico,1918.0,0,1.81,0,1,0.95,22.503008423586046,1,0.0,26803.0,1796.4477211796245,1
336,Mexico,1919.0,0,1.9837,0,1,0.95,-3.3787410643119693,1,0.0,26983.0,1809.7250167672703,0
337,Mexico,1920.0,0,2.0228,0,1,0.95,-2.2945594008212584,1,0.0,27164.0,1823.0872483221476,1
338,Mexico,1921.0,1,2.04,0,1,0.95,-4.171743767961934,1,0.0,27346.0,1835.918093319906,1
339,Mexico,1922.0,1,2.0653,0,1,0.95,-16.25166046623924,1,0.0,27994.0,1850.3536254874743,0
340,Mexico,1923.0,1,2.0641,0,0,0,-6.922922301701564,1,0.0,28953.0,1884.102297130214,0
341,Mexico,1924.0,1,2.0619,0,0,0,2.1309115203921722,1,0.0,28487.0,1825.0368377218272,0
342,Mexico,1925.0,1,2.0512,0,0,0,5.331452953145515,1,0.0,30250.0,1908.035826920651,0
343,Mexico,1926.0,1,2.1426,0,0,0,1.3329636545510415,1,0.0,32064.0,1991.1817673725393,0
344,Mexico,1927.0,1,2.0639,0,0,0,-4.765681745547518,1,0.0,30664.0,1874.7860112496944,0
345,Mexico,1928.0,1,2.084,0,1,0.95,-3.586506552968667,1,0.0,30846.0,1856.7386986095228,0
346,Mexico,1929.0,1,2.0828,0,1,0.95,-0.7986246315555956,1,0.0,29653.0,1757.2148148148149,1
347,Mexico,1930.0,1,2.1956,1,1,0.95,1.6801988159875947,1,0.0,27787.0,1617.8748180494906,1
348,Mexico,1931.0,1,2.5635,1,1,0.95,-8.863410612523833,1,0.0,28720.0,1643.0205949656752,1
349,Mexico,1932.0,0,3.126,1,1,0.95,-12.360938262314871,1,0.0,24417.0,1372.512647554806,1
350,Mexico,1933.0,0,3.6049,1,1,0.95,0.9160656861610567,1,0.0,27191.0,1501.0212531051613,1
351,Mexico,1934.0,0,3.6023,1,1,0.95,2.3600855863691437,1,0.0,29031.0,1573.9224722146923,0
352,Mexico,1935.0,0,3.6023,1,1,0.95,2.90659691014326,1,0.0,31183.0,1660.3482242692082,0
353,Mexico,1936.0,0,3.6036,1,1,0.95,6.616043223186076,1,0.0,33671.0,1768.43487394958,0
354,Mexico,1937.0,0,3.6036,1,1,0.95,16.83045411786419,1,0.0,34786.0,1795.8699019101703,0
355,Mexico,1938.0,0,4.2373,1,1,0.95,12.162215214268443,1,0.0,35356.0,1794.2654148693225,1
356,Mexico,1939.0,0,5.4975,1,1,0.95,1.659031363549435,1,0.0,37248.0,1858.0336209906718,1
357,Mexico,1940.0,0,4.89,1,1,0.95,2.012361286523698,1,0.0,37767.0,1851.959005541117,0
358,Mexico,1941.0,0,4.8614,1,1,0.95,5.766066329944695,1,0.0,40851.0,1949.463135289907,0
359,Mexico,1942.0,0,4.8614,1,1,0.95,11.036299166572533,1,0.0,43754.0,2032.0453278840796,0
360,Mexico,1943.0,0,4.8591,1,0,0,25.931563723186184,1,0.0,45387.0,2051.389830508475,1
361,Mexico,1944.0,0,4.8591,1,0,0,19.97059736765944,1,0.0,49094.0,2159.4967889504705,0
362,Mexico,1945.0,0,4.8591,1,0,0,17.060280641337698,1,0.0,50623.0,2133.830719946046,0
363,Mexico,1946.0,0,0.0,0,0,0,26.790553050086313,1,0.0,53967.0,2210.584524638512,1
364,Mexico,1947.0,0,0.0,0,0,0,11.84275205539619,1,0.0,55807.0,2221.439375845872,0
365,Mexico,1948.0,0,0.0,0,0,0,4.494999826764913,1,0.0,58114.0,2247.949868482129,1
366,Mexico,1949.0,0,0.0,0,0,0,5.311747869499709,1,0.0,61303.0,2304.3641694545727,1
367,Mexico,1950.0,0,0.0,0,0,0,6.740107624604273,1,0.0,67368.0,2365.0192837117406,0
368,Mexico,1951.0,0,0.0,0,0,0,13.708702170921576,1,0.0,72578.0,2477.383185928157,0
369,Mexico,1952.0,0,0.0,0,0,0,13.625224815579807,1,0.0,75481.0,2503.987733409253,0
370,Mexico,1953.0,0,0.0,0,0,0,2.05227204657273,1,0.0,75688.0,2439.08734796268,0
371,Mexico,1954.0,0,0.0,0,0,0,6.325452295767502,1,0.0,83258.0,2605.1411376780075,1
372,Mexico,1955.0,0,0.0,0,0,0,12.759694495878778,1,0.0,90307.0,2742.40011680565,0
373,Mexico,1956.0,0,0.0,0,0,0,6.470565932088654,1,0.0,96502.0,2842.81871446808,0
374,Mexico,1957.0,0,0.0,0,0,0,13.090205288767827,1,0.0,103812.0,2964.7401205887168,0
375,Mexico,1958.0,0,0.0,0,0,0,8.932278255159757,1,0.0,109333.0,3025.0992233264637,0
376,Mexico,1959.0,0,0.0,0,0,0,2.3676309287716504,1,0.0,112599.0,3016.437910949783,0
377,Mexico,1960.0,0,0.0,0,0,0,4.566225319164002,1,0.0,121723.0,3155.202618660314,0
378,Mexico,1961.0,0,0.0,0,0,0,1.9191674495891025,1,0.0,126365.0,3172.1124212808286,0
379,Mexico,1962.0,0,0.0,0,0,0,1.4946579182706576,1,0.0,132039.0,3210.9492154770187,0
380,Mexico,1963.0,0,0.0,0,0,0,0.5239469042626578,1,0.0,141839.0,3342.5582684785104,0
381,Mexico,1964.0,0,0.0,0,0,0,2.207786408554257,1,0.0,157312.0,3593.6842333706268,0
382,Mexico,1965.0,0,0.0,0,0,0,3.5721750969377544,1,0.0,167116.0,3701.9742792136503,0
383,Mexico,1966.0,0,0.0,0,0,0,3.942836840276748,1,0.0,177427.0,3812.5325649033243,0
384,Mexico,1967.0,0,0.0,0,0,0,3.248954628125406,1,0.0,188258.0,3922.4045708062276,0
385,Mexico,1968.0,0,0.0,0,0,0,2.355558115597418,1,0.0,201669.0,4072.574209841058,0
386,Mexico,1969.0,0,0.0,0,0,0,3.0428824414092217,1,0.0,213924.0,4185.484560170772,0
387,Mexico,1970.0,0,0.0,0,0,0,5.184003328139661,1,0.0,227970.0,4319.645997080672,0
388,Mexico,1971.0,0,0.0,0,0,0,5.29049166983656,1,0.0,237480.0,4364.887461610798,0
389,Mexico,1972.0,0,0.0,0,0,0,5.367620018677248,1,0.0,257636.0,4601.933535144696,0
390,Mexico,1973.0,0,0.0,0,0,0,14.935415372764309,1,0.0,279302.0,4852.5901222300145,0
391,Mexico,1974.0,0,0.0,0,0,0,19.130057600748543,1,0.0,296370.0,5012.78363848529,0
392,Mexico,1975.0,0,0.0,0,0,0,15.22591363556911,1,0.0,312998.0,5158.340220091138,0
393,Mexico,1976.0,0,0.0,0,0,0,21.599072166367186,1,0.0,326267.0,5243.767097004427,1
394,Mexico,1977.0,0,0.0,0,0,0,22.1945849988739,1,0.0,337499.0,5293.273636113037,1
395,Mexico,1978.0,0,0.0,0,0,0,19.071709612428222,1,0.0,365340.0,5595.136852967541,0
396,Mexico,1979.0,0,0.0,0,0,0,18.944454999156825,1,0.0,398788.0,5967.568432097518,0
397,Mexico,1980.0,0,0.0,0,0,0,26.471,1,0.0,431983.0,6320.39405579246,1
398,Mexico,1981.0,0,0.0,0,0,0,27.911,1,0.0,469972.0,6716.835076567834,1
399,Mexico,1982.0,0,0.0,1,1,0.95,59.166,1,0.0,466649.0,6513.722942412899,1
400,Mexico,1983.0,0,0.0,0,1,0.95,101.806,1,0.0,446602.0,6087.57445062715,1
401,Mexico,1984.0,0,0.0,0,1,0.95,65.449,1,0.0,462678.0,6162.455375348403,1
402,Mexico,1985.0,0,0.0,0,1,0.95,57.78,1,0.0,475505.0,6194.114741023919,1
403,Mexico,1986.0,0,0.0,0,1,0.95,86.454,1,0.0,457655.0,5834.278718800527,1
404,Mexico,1987.0,0,0.0,0,1,0.95,131.962,1,3.925,466148.0,5817.9418583236275,1
405,Mexico,1988.0,0,0.0,0,1,0.95,113.501,1,3.6,471953.0,5770.879433638402,1
406,Mexico,1989.0,0,0.0,0,1,0.95,19.918,1,3.0,491767.0,5898.832480580168,1
407,Mexico,1990.0,0,0.0,0,1,0.95,26.65,1,2.75,516692.0,6084.910822113739,1
408,Mexico,1991.0,0,0.0,0,0,0,22.608,1,2.625,538508.0,6226.387484455652,1
409,Mexico,1992.0,0,0.0,0,0,0,15.517,1,2.825,558049.0,6333.474934976926,0
410,Mexico,1993.0,0,3.1059,0,0,0,9.763,1,3.425,568934.0,6339.158165313248,1
411,Mexico,1994.0,0,5.325,0,0,0,6.986,1,3.7,594054.0,6503.915964957196,1
412,Mexico,1995.0,0,7.6425,0,0,0,35.062,1,6.225,557419.0,6001.473745475536,1
413,Mexico,1996.0,0,7.8509,0,0,0,34.35,1,5.45,586144.0,6209.246009942586,1
414,Mexico,1997.0,0,8.0833,0,0,0,20.597,1,3.7325,625759.0,6525.450203704785,1
415,Mexico,1998.0,0,9.865,0,0,0,15.916,1,3.16,657263.0,6753.27587509499,1
416,Mexico,1999.0,0,9.5143,0,0,0,16.565,1,2.5025,681982.0,6915.4674850118245,0
417,Mexico,2000.0,0,9.5722,0,0,0,9.486,1,2.50666666666667,726934.0,7274.678158832952,0
418,Mexico,2001.0,0,9.1423,0,0,0,6.367,1,2.75666666666667,726676.0,7177.262337780193,0
419,Mexico,2002.0,0,10.3125,0,0,0,5.037,1,2.97833333333333,732256.0,7145.360281140716,0
420,Mexico,2003.0,0,11.236,0,0,0,4.551,1,3.40583333333333,742508.0,7158.9073849065935,0
421,Mexico,2004.0,0,11.2648,0,0,0,4.694,1,3.91583333333333,772208.0,7357.193092801026,0
422,Mexico,2005.0,0,10.7777,0,0,0,3.99,1,3.5596387673003,797691.0,7511.009374197614,0
423,Mexico,2006.0,0,10.881,0,0,0,3.633,1,3.5637870194116803,837576.0,7795.064705963102,0
424,Mexico,2007.0,0,10.8662,0,0,0,3.969,1,3.6465570690832596,866576.0,7972.114966380542,0
425,Mexico,2008.0,0,13.5383,0,0,0,5.129,1,3.90370434899731,877312.0,7978.798676554313,1
426,Mexico,2009.0,0,13.0587,0,0,0,5.296,1,5.37418394170396,900.05,,0
427,Mexico,2010.0,0,12.3571,0,0,0,4.155,1,5.32862295912074,1057.8,,0
428,Mexico,2011.0,0,13.9904,0,0,0,3.405,1,5.195428019255731,1180.49,,0
429,Mexico,2012.0,0,13.0101,0,0,0,4.111,1,4.92257616288964,1201.09,,0
430,Mexico,2013.0,0,13.0765,0,0,0,3.803,1,4.94315647500475,1274.44,,0
431,Mexico,2014.0,0,14.718,0,0,0,4.019,1,4.83121318795654,1314.56,,0
432,Mexico,2015.0,0,17.2,0,0,0,2.72,1,4.3356482340879205,1170.56,,1
434,United States,1800.0,0,4.462293618920125,0,0,0,2.0270270270270174,1,0.0,,,0
435,United States,1801.0,0,4.363001745200698,0,0,0,1.324503311258285,1,0.0,,,0
436,United States,1802.0,0,4.47427293064877,0,0,0,-15.686274509803921,1,0.0,,,0
437,United States,1803.0,0,4.662004662004662,0,0,0,5.4263565891472965,1,0.0,,,0
438,United States,1804.0,0,4.528985507246377,0,0,0,4.4117647058823595,1,0.0,,,0
439,United States,1805.0,0,4.395604395604395,0,0,0,-0.7042253521126751,1,0.0,,,0
440,United States,1806.0,0,4.395604395604395,0,0,0,4.255319148936176,1,0.0,,,0
441,United States,1807.0,0,4.462293618920125,0,0,0,-5.442176870748295,1,0.0,,,0
442,United States,1808.0,0,4.8828125,0,0,0,8.633093525179847,1,0.0,,,0
443,United States,1809.0,0,4.440497335701599,0,0,0,-1.9867549668874163,1,0.0,,,0
444,United States,1810.0,0,4.106776180698152,0,0,0,0,1,0.0,,,0
445,United States,1811.0,0,3.729951510630362,0,0,0,6.758378378378382,1,0.0,,,0
446,United States,1812.0,0,3.773584905660377,0,0,0,1.2679113924050633,1,0.0,,,0
447,United States,1813.0,0,3.8955979742890534,0,0,0,20,1,0.0,,,1
448,United States,1814.0,0,4.484304932735426,0,0,0,9.897916666666662,1,0.0,,,1
449,United States,1815.0,0,4.750593824228028,0,0,0,-12.321137440758296,1,0.0,,,1
450,United States,1816.0,0,4.572473708276178,0,0,0,-8.649324324324326,1,0.0,,,1
451,United States,1817.0,0,4.528985507246377,0,0,0,-5.32772239349113,1,0.0,,,1
452,United States,1818.0,0,4.340277777777778,0,0,0,-4.3775,1,0.0,,,1
453,United States,1819.0,0,4.528985507246377,0,0,0,0,1,0.0,,,1
454,United States,1820.0,0,4.623208506703652,0,0,0,-7.841568627450984,1,0.0,12548.0,1257.250355798444,0
455,United States,1821.0,0,4.928536224741252,0,0,0,-3.9040175389781755,1,0.0,,,0
456,United States,1822.0,0,4.985044865403789,0,0,0,3.5271901415966056,1,0.0,,,0
457,United States,1823.0,0,4.7892720306513406,0,0,0,-8.654934384341574,1,0.0,,,0
458,United States,1824.0,0,4.861448711716092,0,0,0,-7.4780458892087625,1,0.0,,,0
459,United States,1825.0,0,4.844961240310077,0,0,0,2.310069002173465,1,0.0,,,1
460,United States,1826.0,0,4.96524329692155,0,0,0,-1.723765265319354,1,0.0,,,0
461,United States,1827.0,0,4.9431537320810675,0,0,0,1.771956974253606,1,0.0,,,0
462,United States,1828.0,0,4.866180048661801,0,0,0,-3.3333333333333406,1,0.0,,,0
463,United States,1829.0,0,4.861448711716092,0,0,0,-0.5834619516478713,1,0.0,,,0
464,United States,1830.0,0,4.7281323877068555,0,0,0,-2.893239807252557,1,0.0,18219.0,1376.0247783853524,0
465,United States,1831.0,0,4.875670404680643,0,0,0,-2.970485381587743,1,0.0,,,0
466,United States,1832.0,0,4.8285852245292125,0,0,0,-0.045407977590651814,1,0.0,,,0
467,United States,1833.0,0,4.662004662004662,0,0,0,-0.7092491542822911,1,0.0,,,0
468,United States,1834.0,0,4.71253534401508,0,0,0,-2.7026533516855458,1,0.0,,,0
469,United States,1835.0,0,4.84027105517909,0,0,0,7.823266892775628,1,0.0,,,0
470,United States,1836.0,0,4.7892720306513406,0,0,0,8.217477947232366,1,0.0,,,0
471,United States,1837.0,0,5.073566717402334,0,0,0,3.747065162522213,1,0.0,,,1
472,United States,1838.0,0,4.88997555012225,0,0,0,-2.2024274179455805,1,0.0,,,1
473,United States,1839.0,0,4.849660523763337,0,0,0,0,1,0.0,,,0
474,United States,1840.0,0,4.82392667631452,0,0,0,-9.925112745077433,1,0.0,27694.0,1587.6157032127462,0
475,United States,1841.0,0,4.844961240310077,0,0,0,0.6405128205128211,1,0.0,,,1
476,United States,1842.0,0,4.7236655644780345,0,0,0,-7.223284967798218,1,0.0,,,0
477,United States,1843.0,0,4.82392667631452,0,0,0,-8.545547496488295,1,0.0,,,0
478,United States,1844.0,0,4.8828125,0,0,0,1.401312667412703,1,0.0,,,0
479,United States,1845.0,0,4.796163069544365,0,0,0,2.0221383261714765,1,0.0,,,0
480,United States,1846.0,0,4.716981132075472,0,0,0,3.2022222581277595,1,0.0,,,0
481,United States,1847.0,0,4.88997555012225,0,0,0,5.072898550724636,1,0.0,,,0
482,United States,1848.0,0,4.805382027871215,0,0,0,-6.716187371754219,1,0.0,,,0
483,United States,1849.0,0,4.82392667631452,0,0,0,-0.14562241566060688,1,0.0,,,0
484,United States,1850.0,0,4.861448711716092,0,0,0,-0.40348674247680744,1,0.0,42583.0,1805.9164312563723,0
485,United States,1851.0,0,4.906771344455348,0,0,0,4.463173248211841,1,0.0,,,0
486,United States,1852.0,0,4.88997555012225,0,0,0,0.7256521739130347,1,0.0,,,0
487,United States,1853.0,0,4.849660523763337,0,0,0,2.2217192206571164,1,0.0,,,0
488,United States,1854.0,0,4.8123195380173245,0,0,0,5.7340501792114695,1,0.0,,,0
489,United States,1855.0,0,4.816955684007707,0,0,0,3.542811556763322,1,0.0,,,0
490,United States,1856.0,0,4.844961240310077,0,0,0,-0.783622308365385,1,0.0,,,0
491,United States,1857.0,0,4.847309743092583,0,0,0,2.9410855557463393,1,0.0,,,1
492,United States,1858.0,0,4.870920603994155,0,0,0,-4.284676587745765,1,0.0,,,0
493,United States,1859.0,0,4.863813229571984,0,0,0,-2.2250740058133256,1,0.0,,,0
494,United States,1860.0,0,4.616805170821792,0,0,0,-1.057972937118598,1,0.0,69346.0,2178.027459346296,0
495,United States,1861.0,0,4.837929366231253,0,0,0,5.09265285151568,1,0.0,,,1
496,United States,1862.0,0,6.472491909385114,0,0,0,12.608119365028509,1,0.0,,,1
497,United States,1863.0,0,7.385524372230429,0,0,0,20.87571000257309,1,0.0,,,1
498,United States,1864.0,0,4.8285852245292125,0,0,0,24.043707188298143,1,0.0,,,1
499,United States,1865.0,0,4.844961240310077,0,0,0,4.923867950720459,1,0.0,,,1
500,United States,1866.0,0,4.805382027871215,0,0,0,-1.373271632614742,1,0.0,,,1
501,United States,1867.0,0,4.904364884747425,0,0,0,-4.862651379782654,1,0.0,,,0
502,United States,1868.0,0,4.868549172346641,0,0,0,-3.927769806485172,1,0.0,,,0
503,United States,1869.0,0,4.859086491739553,0,0,0,-3.7483908207201893,1,0.0,,,0
504,United States,1870.0,0,4.868549172346641,0,0,0,-4.249664211146975,1,0.0,98374.0,2444.6436654277486,0
505,United States,1871.0,0,4.875670404680643,0,0,0,-4.978916517898515,1,0.0,102862.0,2502.846853861502,0
506,United States,1872.0,0,4.892367906066537,0,0,0,0.3744483050051679,1,0.0,107065.0,2540.938864628821,0
507,United States,1873.0,0,4.875670404680643,0,0,0,-2.1012364071329332,1,0.0,112436.0,2604.2525594107565,1
508,United States,1874.0,0,4.901960784313726,0,0,0,-3.2403703703703712,1,0.0,111735.0,2527.2550438794897,0
509,United States,1875.0,0,4.894762604013705,0,0,0,-3.9662426797739365,1,0.0,117573.0,2598.5854790584594,0
510,United States,1876.0,0,4.84027105517909,0,0,0,-2.7337546193643747,1,0.0,118974.0,2570.3545271890594,1
511,United States,1877.0,0,4.859086491739553,0,0,0,-3.661565106466492,1,0.0,122827.0,2595.393555203381,0
512,United States,1878.0,0,4.880429477794046,0,0,0,-5.426220506220505,1,0.0,127964.0,2645.9617054712376,0
513,United States,1879.0,0,4.844961240310077,0,0,0,2.4154589371980686,1,0.0,143726.0,2909.433198380567,0
514,United States,1880.0,1,4.82392667631452,0,0,0,3.0180180180180067,1,0.0,160656.0,3183.9549724523363,0
515,United States,1881.0,1,4.849660523763337,0,0,0,1.7316017316017291,1,0.0,166377.0,3215.449432773515,0
516,United States,1882.0,1,4.8543689320388355,0,0,0,-0.8230452674897109,1,0.0,177002.0,3337.959907217078,0
517,United States,1883.0,1,4.8543689320388355,0,0,0,-1.929220609927616,1,0.0,181322.0,3338.5870265692033,0
518,United States,1884.0,1,4.8543689320388355,0,0,0,-2.951814246359698,1,0.0,184591.0,3320.2806007734507,1
519,United States,1885.0,1,4.885197850512946,0,0,0,-1.5787555351962193,1,0.0,185992.0,3269.959035848028,0
520,United States,1886.0,1,4.844961240310077,0,0,0,-1.7254022988505682,1,0.0,191596.0,3294.065057423836,1
521,United States,1887.0,1,4.866180048661801,0,0,0,1.501560593203206,1,0.0,200236.0,3368.2546090701117,0
522,United States,1888.0,1,4.894762604013705,0,0,0,0,1,0.0,199302.0,3281.6637028255286,0
523,United States,1889.0,1,4.849660523763337,0,0,0,-2.1983040935672533,1,0.0,211678.0,3413.28044375645,0
524,United States,1890.0,1,4.861448711716092,0,0,0,-0.7501501501501525,1,0.0,214713.945,3391.898281254937,0
525,United States,1891.0,1,4.844961240310077,0,0,0,0,1,0.0,224026.83899999998,3467.263650715037,1
526,United States,1892.0,1,4.885197850512946,0,0,0,-0.4444444444444438,1,0.0,245756.925,3727.9955856921815,1
527,United States,1893.0,1,4.868549172346641,0,0,0,-0.6124770642201849,1,0.0,233857.116,3478.4119825675657,1
528,United States,1894.0,1,4.880429477794046,0,0,0,-3.9874441107774423,1,0.0,227131.137,3313.799579813542,1
529,United States,1895.0,1,4.892367906066537,0,0,0,-1.756878820568139,1,0.0,254552.43600000002,3644.220354755122,0
530,United States,1896.0,1,4.870920603994155,0,0,0,0,1,0.0,249378.60600000003,3504.4280715560494,0
531,United States,1897.0,1,4.859086491739553,0,0,0,-0.6600330033003384,1,0.0,273178.224,3769.4832967669827,1
532,United States,1898.0,1,4.8543689320388355,0,0,0,0.46948356807511665,1,0.0,278869.437,3779.691749908513,0
533,United States,1899.0,1,4.885197850512946,0,0,0,1.3888888888888868,1,0.0,304221.20399999997,4051.3670612989567,0
534,United States,1900.0,1,4.85201358563804,0,0,0,1.1111111111111152,1,0.0,312499.332,4090.7872916966658,0
535,United States,1901.0,1,4.861448711716092,0,0,0,1.5372259857564703,1,0.0,347681.376,4463.863188167626,0
536,United States,1902.0,1,4.878048780487805,0,0,0,1.508164906988435,1,0.0,351303.05700000003,4420.630145088023,1
537,United States,1903.0,1,4.837929366231253,0,0,0,1.9408737864077708,1,0.0,368376.696,4550.894374027129,0
538,United States,1904.0,1,4.875670404680643,0,0,0,1.0444654088050376,1,0.0,363720.249,4409.532024004364,0
539,United States,1905.0,1,4.863813229571984,0,0,0,0.20151878773893284,1,0.0,390624.165,4642.163891760846,0
540,United States,1906.0,1,4.842615012106537,0,0,0,2.8653565204213027,1,0.0,435636.48600000003,5079.124239244491,0
541,United States,1907.0,1,4.866180048661801,0,0,0,4.235968497232874,1,0.0,442362.465,5064.89042695703,1
542,United States,1908.0,1,4.8732943469785575,0,0,0,-1.1799705014749289,1,0.0,406145.655,4560.615967660435,1
543,United States,1909.0,1,4.878048780487805,0,0,0,0.6512512512512466,1,0.0,455814.42299999995,5017.495987671307,0
544,United States,1910.0,1,4.863813229571984,0,0,0,3.059051987767584,1,0.0,460470.87,4963.735703429022,0
545,United States,1911.0,1,4.870920603994155,0,0,0,0.7017543859649112,1,0.0,475474.977,5045.6839038988055,0
546,United States,1912.0,1,4.866180048661801,0,0,0,2.7847874841743576,1,0.0,497722.446,5200.698473402087,0
547,United States,1913.0,1,4.859086491739553,0,0,0,1.820072678644099,1,0.0,517383.0,5300.729463352663,0
548,United States,1914.0,1,4.875670404680643,0,0,0,0.8934453781512571,1,0.0,477544.50899999996,4799.201135621325,1
549,United States,1915.0,1,4.7281323877068555,0,0,0,1.2145104510451061,1,0.0,490996.467,4864.192617469611,1
550,United States,1916.0,1,4.764173415912339,0,0,0,9.166458584075519,1,0.0,558773.64,5458.692899847602,0
551,United States,1917.0,1,4.764173415912339,0,0,0,17.828585322723256,1,0.0,544804.299,5247.736873537089,0
552,United States,1918.0,0,4.7664442326024785,0,0,0,18.578338342636325,1,0.0,593955.684,5658.984393757503,0
553,United States,1919.0,0,3.812428516965307,0,0,0,14.848484848484839,1,0.0,599129.514,5680.406492656888,0
554,United States,1920.0,0,3.4928396786587497,0,0,0,11.509177210336631,1,0.0,593438.301,5552.327364077806,1
555,United States,1921.0,0,4.156275976724855,0,0,0,-10.82935853379152,1,0.0,579986.343,5322.73359091076,1
556,United States,1922.0,1,4.610419548178884,0,0,0,-5.131398267696686,1,0.0,612064.089,5539.843678722711,0
557,United States,1923.0,1,4.361098996947231,0,0,0,2.12228796844182,1,0.0,692775.837,6164.1990354756335,0
558,United States,1924.0,1,4.697040864255519,0,0,0,0,1,0.0,713988.54,6232.550673021527,0
559,United States,1925.0,1,4.849660523763337,0,0,0,3.1164615210245903,1,0.0,730544.796,6282.418871039868,0
560,United States,1926.0,1,4.85201358563804,0,0,0,-0.053709319854573355,1,0.0,778144.032,6602.442213869351,1
561,United States,1927.0,1,4.8828125,0,0,0,-1.7005626511723406,1,0.0,785904.777,6576.498945624341,1
562,United States,1928.0,1,4.85201358563804,0,0,0,-1.3461256854898433,1,0.0,794700.288,6569.345446429309,0
563,United States,1929.0,1,4.8828125,0,0,0,7.512004944610845,1,0.0,843334.29,6898.7221563254125,1
564,United States,1930.0,1,4.856726566294317,0,0,0,-9.61178294573642,1,0.0,768313.755,6212.7127066015455,1
565,United States,1931.0,1,3.3738191632928474,0,0,0,-9.105590062111803,1,0.0,709332.093,5691.366596326816,1
566,United States,1932.0,1,3.278688524590164,0,0,0,-10.384511014100063,1,0.0,615685.77,4908.365780158806,1
567,United States,1933.0,1,5.115089514066496,1,1,18.93,-3.0182055604989153,1,0.0,602751.195,4776.9154778887305,1
568,United States,1934.0,0,4.945598417408506,0,0,0,2.6569859889214746,1,0.0,649315.665,5113.607593441384,0
569,United States,1935.0,0,4.928536224741252,0,0,0,2.661691542288545,1,0.0,698984.433,5466.837946487928,0
570,United States,1936.0,0,4.906771344455348,0,0,0,1.3346376811594172,1,0.0,798321.969,6203.883782376575,1
571,United States,1937.0,0,4.997501249375312,0,0,0,3.233571428571431,1,0.0,832469.247,6430.12147778533,0
572,United States,1938.0,0,4.670714619336758,0,0,0,-2.258888888888894,1,0.0,799356.735,6126.465671847696,0
573,United States,1939.0,0,3.930817610062893,0,0,0,-0.8899999999999908,1,0.0,862994.844,6560.752658907244,1
574,United States,1940.0,0,4.035512510088782,0,0,0,0.9571428571428564,1,0.0,929737.2509999999,7009.637212844078,1
575,United States,1941.0,0,4.035512510088782,0,0,0,7.344539007092204,1,0.0,1098921.492,8205.683099117397,0
576,United States,1942.0,0,4.035512510088782,0,0,0,9.916129032258066,1,0.0,1318809.267,9741.105188128759,0
577,United States,1943.0,0,4.035512510088782,0,0,0,4.554289940828408,1,0.0,1581122.448,11518.171571769917,0
578,United States,1944.0,0,4.035512510088782,0,0,0,1.874425287356337,1,0.0,1713572.496,12333.449664236308,0
579,United States,1945.0,0,4.033884630899556,0,0,0,2.313595505617976,1,0.0,1644760.5569999998,11708.647557555134,0
580,United States,1946.0,0,3.0003000300030003,0,0,0,13.250934065934064,1,0.0,1305357.3090000001,9196.542968860083,0
581,United States,1947.0,0,2.5,0,0,0,11.713604651162782,1,0.0,1285696.755,8885.994381012937,1
582,United States,1948.0,0,3.0303030303030303,0,0,0,5.430726495726491,1,0.0,1334330.757,9064.562250769346,1
583,United States,1949.0,0,2.379819133745835,0,0,0,-1.557344398340236,1,0.0,1339504.5869999998,8943.744321292648,0
584,United States,1950.0,0,2.5201612903225805,0,0,0,3.491101694915249,1,0.0,1455916.0,9561.34786006528,0
585,United States,1951.0,0,2.449779519843214,0,0,0,6.81999999999999,1,0.0,1566784.0,10116.24633582562,0
586,United States,1952.0,0,2.73000273000273,0,0,0,1.507358490566045,1,0.0,1625245.0,10315.544610385077,0
587,United States,1953.0,0,2.7800945232137892,0,0,0,0.8495318352059833,1,0.0,1699970.0,10612.608000799082,0
588,United States,1954.0,0,2.7203482045701852,0,0,0,-0.21674721189589324,1,0.0,1688804.0,10359.108363083189,0
589,United States,1955.0,0,2.7739251040221915,0,0,0,0.0322659176029938,1,0.0,1808126.0,10896.854716719601,0
590,United States,1956.0,0,2.749518834204014,0,0,0,2.2725373134328404,1,0.0,1843455.0,10914.282161950941,0
591,United States,1957.0,0,2.859593937660852,0,0,0,3.139275362318838,1,0.0,1878063.0,10919.986742952833,0
592,United States,1958.0,0,2.802690582959641,0,0,0,2.3702816901408474,1,0.0,1859088.0,10630.528013174597,0
593,United States,1959.0,0,2.800336040324839,0,0,0,1.1550519031141881,1,0.0,1997061.0,11230.16926277906,0
594,United States,1960.0,0,2.803476310625175,0,0,0,1.5125623582766536,1,5.61711471129125,2046727.0,11328.475516269904,0
595,United States,1961.0,0,2.808199943836001,0,0,0,0.9289262626968395,1,6.7702708304918495,2094396.0,11401.734434457867,0
596,United States,1962.0,0,2.802690582959641,0,0,0,1.226775732788017,1,5.5962104562177695,2220732.0,11904.984507178162,0
597,United States,1963.0,0,2.796420581655481,0,0,0,1.3465008941085863,1,5.7391256177161205,2316765.0,12242.340495238901,0
598,United States,1964.0,0,2.7901785714285716,0,0,0,1.2154286023589216,1,5.24617523394315,2450915.0,12772.566431634954,0
599,United States,1965.0,0,2.802690582959641,0,0,0,1.7268869385647658,1,4.579955008130691,2607294.0,13418.701718450051,0
600,United States,1966.0,0,2.7901785714285716,0,0,0,3.13007099974417,1,3.83219094685393,2778086.0,14133.526658526658,0
601,United States,1967.0,0,2.4061597690086622,0,0,0,2.8572737900397516,1,3.8910566657637102,2847549.0,14330.030395748621,0
602,United States,1968.0,0,2.384358607534573,0,0,0,4.408152714711364,1,3.6085310871683105,2983081.0,14862.938825944417,0
603,United States,1969.0,0,2.4009603841536618,0,0,0,5.641436282364789,1,3.5579870737847994,3076517.0,15179.408615679135,1
604,United States,1970.0,0,2.3934897079942554,0,0,0,5.797993669785224,1,5.00838426579352,3081900.0,15029.846087821626,0
605,United States,1971.0,0,2.5523226135783563,0,0,0,3.934297494049607,1,6.041504931272731,3178106.0,15304.298833194485,1
606,United States,1972.0,0,2.34796900680911,0,0,0,3.329759288697644,1,5.688501157238719,3346554.0,15943.867439112702,0
607,United States,1973.0,0,2.323420074349442,0,0,0,7.054867567916134,1,4.95075074450422,3536622.0,16689.34306707124,0
608,United States,1974.0,0,2.3485204321277595,0,0,0,11.486243226541532,1,5.67705862450559,3526724.0,16491.26974477915,0
609,United States,1975.0,0,2.023472278429786,0,0,0,8.352672692500745,1,8.561464423725111,3516825.0,16283.63267630676,1
610,United States,1976.0,0,1.7024174327545114,0,0,0,5.4632526825076795,1,7.786562135616469,3701163.0,16975.08656867017,0
611,United States,1977.0,0,1.9058509624547357,0,0,0,6.596865714089348,1,7.132504802090629,3868829.0,17566.502753826528,0
612,United States,1978.0,0,1.9175271569783607,0,0,0,8.079210453117694,1,6.13419821261611,4089548.0,18372.97212300919,0
613,United States,1979.0,0,2.1178319330934534,0,0,0,11.942325821022058,1,5.9238266892661,4228647.0,18789.393703761303,0
614,United States,1980.0,0,2.3239870321523606,0,0,0,13.502,1,7.255716835664719,4230558.0,18577.36665413365,0
615,United States,1981.0,0,2.009480730084539,0,0,0,10.378,1,7.74128083040972,4336141.0,18855.55486999598,0
616,United States,1982.0,0,1.7468866113369446,0,0,0,6.158,1,9.86085724560746,4254870.0,18325.12026308355,0
617,United States,1983.0,0,1.5157830914396149,0,0,0,3.16,1,9.78047265210102,4433129.0,18920.156391092147,0
618,United States,1984.0,0,1.330128610135314,0,0,0,4.368,1,7.63741221200804,4755958.0,20122.667101821073,1
619,United States,1985.0,0,1.283291797455489,0,0,0,3.528,1,7.30410922644289,4940383.0,20717.322960076497,1
620,United States,1986.0,0,1.4658522391625879,0,0,0,1.944,1,7.09687179467939,5110480.0,21236.08546335124,1
621,United States,1987.0,0,1.634181855025191,0,0,0,3.578,1,6.29718894698344,5290129.0,21787.69367412788,1
622,United States,1988.0,0,1.7788213529715213,0,0,0,4.1,1,5.58916115687531,5512845.0,22499.441620233243,1
623,United States,1989.0,0,1.6361979341364885,0,0,0,4.791,1,5.3405578461866305,5703521.0,23059.278193599523,1
624,United States,1990.0,0,1.928,0,0,0,5.419,1,5.67262840227244,5803200.0,23200.559941388365,1
625,United States,1991.0,0,1.871,0,0,0,4.216,1,6.927371833318759,5791930.851878101,22848.52918067601,1
626,United States,1992.0,0,1.512,0,0,0,3.042,1,7.60743686106412,5985151.501063076,23298.119448949757,0
627,United States,1993.0,0,1.481,0,0,0,2.97,1,7.0255152958322595,6146209.836995039,23616.074711866208,0
628,United States,1994.0,0,1.563,0,0,0,2.596,1,6.16880545955019,6395858.483345145,24278.63474414547,0
629,United States,1995.0,0,1.55,0,0,0,2.805,1,5.64388515229746,6558150.667611622,24603.174663290505,0
630,United States,1996.0,0,1.698,0,0,0,2.937,1,5.457434446393711,6803768.742735648,25230.224231062657,0
631,United States,1997.0,0,1.654,0,0,0,2.338,1,4.99627586611836,7109774.55034875,26051.550692973986,0
632,United States,1998.0,0,1.664,0,0,0,1.547,1,4.55010833226551,7413357.0,26848.774125103857,0
633,United States,1999.0,0,1.616,0,0,0,2.193,1,4.2530368613342,7746169.0,27734.749851852728,0
634,United States,2000.0,0,1.492,0,0,0,3.367,1,4.02098505625783,8032209.0,28467.061008371198,0
635,United States,2001.0,0,1.45,0,0,0,2.817,1,4.78668949290891,8093143.0,28405.464787743713,0
636,United States,2002.0,0,1.612,0,0,0,1.596,1,5.8517152363945595,8223657.0,28603.924855913545,1
637,United States,2003.0,0,1.785,0,0,0,2.298,1,6.0615916352333405,8431121.0,29074.23461822295,1
638,United States,2004.0,0,1.931,0,0,0,2.668,1,5.597952018995691,8738865.0,29845.23882707322,0
639,United States,2005.0,0,1.722,0,0,0,3.366,1,5.14396630591553,9009770.0,30481.35379910211,0
640,United States,2006.0,0,1.963,0,0,0,3.222,1,4.68893542752301,9253034.0,31004.463178775106,0
641,United States,2007.0,0,1.9847,0,0,0,2.871,1,4.67508043991925,9447347.0,31357.365241635685,1
642,United States,2008.0,0,1.4626,0,0,0,3.815,1,5.84752568735509,9485136.0,31177.721971679133,1
643,United States,2009.0,0,1.6154,0,0,0,-0.32,1,9.37790617873382,14448.93,,1
644,United States,2010.0,0,1.5599,0,0,0,1.638,1,9.76802750870948,14992.052,,1
645,United States,2011.0,0,1.5535,0,0,0,3.142,1,9.0663509285369,15542.582,,0
646,United States,2012.0,0,1.6251,0,0,0,2.078,1,8.165597226875558,16197.007,,0
647,United States,2013.0,0,1.6556,0,0,0,1.467,1,7.48522447033036,16784.851,,0
648,United States,2014.0,0,1.5573,0,0,0,1.61,1,6.25535554001903,17527.258,,0
649,United States,2015.0,0,1.4738,0,0,0,0.118,1,5.3663646124623705,18238.301,,1
